insert into online_shop.customer values ('0000000001', 'Ali', 'Bazshoushtari', '09361234567', 'Tehran', 'Tehran', 'Olympic');
insert into online_shop.customer values ('0000000002', 'hosein', 'Fakhar', '09107658901', 'Fars', 'Jahrom', 'Ritard');
insert into online_shop.customer values ('0000000003', 'Amir', 'Jafari', '09369092345', 'Tehran', 'Tehran', 'Azadi');
insert into online_shop.customer values ('0000000004', 'Alireza', 'Jelo', '09123217860', 'Tehran', 'Tehran', 'Narmak');
insert into online_shop.customer values ('0000000005', 'Sahand', 'Noey', '09304503295', 'Isfahan', 'Isfahan', 'Khaju');
insert into online_shop.customer values ('0000000006', 'Kazem', 'Banaei', '09307779054', 'Yazd', 'Yazd', 'Atashi');
insert into online_shop.customer values ('0000000007', 'Mahdi', 'Vad', '09138904343', 'Tabriz', 'Tabriz', 'Turkani');

insert into online_shop.company values('100000000000000001', 'Mihan', '1980-5-10', 'Tehran', 'Tehran', 'Azadi');
insert into online_shop.company values('100000000000000002', 'Shirin Asal', '1985-1-1', 'Tehran', 'Tehran', 'Azadi');
insert into online_shop.company values('100000000000000003', 'Behnoosh', '1970-10-12', 'Tabriz', 'Tabriz', 'Enghelab');
insert into online_shop.company values('100000000000000004', 'Kale', '2001-4-28', 'Tehran', 'Tehran', 'Valiasr');
insert into online_shop.company values('100000000000000005', 'Razavi', '1980-2-9', 'Mashhad', 'Mashhad', 'Astan');
insert into online_shop.company values('100000000000000006', 'Alis', '2010-7-24', 'Khuzestan', 'Ahvaz', 'Kian-pars');

insert into brand values ('Panda', '100000000000000001', '1980-5-10');
insert into brand values ('Fruit-land', '100000000000000001', '2000-5-10');
insert into brand values ('Shirin Asal', '100000000000000002', '1985-1-1');
insert into brand values ('Delester', '100000000000000003', '1970-10-12');
insert into brand values ('Kale', '100000000000000004', '2001-4-28');
insert into brand values ('Estrudel', '100000000000000005', '1980-2-9');
insert into brand values ('Alis', '100000000000000006', '2010-7-24');
insert into brand values ('Istak', '100000000000000003', '2012-2-5');

insert into category values ('Ice Cream', 'Panda');
insert into category values ('Ice Cream', 'Fruit-land');
insert into category values ('Juice', 'Fruit-land');
insert into category values ('Milk', 'Kale');
insert into category values ('Doogh', 'Alis');
insert into category values ('Sandwich', 'Estrudel');
insert into category values ('Cake', 'Shirin Asal');
insert into category values ('Cola', 'Delester');
insert into category values ('Beer', 'Istak');
insert into category values ('Pizza', 'Estrudel');

insert into product values ('200000000001', 'Pineapple Juice', 30, 'Fruit-land');
insert into product values ('200000000002', 'Apple Juice', 300, 'Fruit-land');
insert into product values ('200000000003', 'Sausage Sandwich', 1000, 'Estrudel');
insert into product values ('200000000004', 'Chocolate Ice Cream', 250, 'Fruit-land');
insert into product values ('200000000005', 'Chocolate Ice Cream', 250, 'Panda');
insert into product values ('200000000006', 'Low Fat Milk', 500, 'Kale');
insert into product values ('200000000007', 'High Fat Milk', 500, 'Kale');
insert into product values ('200000000008', 'Mint Doogh', 500, 'Alis');
insert into product values ('200000000009', '8Giah Doogh', 500, 'Alis');
insert into product values ('200000000010', 'Croissant', 50.5, 'Shirin Asal');
insert into product values ('200000000011', 'Gol-Mohammadi', 60.2, 'Shirin Asal');
insert into product values ('200000000012', 'Peperoni Pizza', 2000, 'Estrudel');
insert into product values ('200000000013', 'Black Cola', 330, 'Delester');
insert into product values ('200000000014', 'Orange Cola', 330, 'Delester');
insert into product values ('200000000015', 'Lemon Beer', 330.3, 'Istak');

insert into product_types values ('200000000001', 'Juice');
insert into product_types values ('200000000002', 'Juice');
insert into product_types values ('200000000003', 'Sandwich');
insert into product_types values ('200000000004', 'Ice Cream');
insert into product_types values ('200000000005', 'Ice Cream');
insert into product_types values ('200000000006', 'Milk');
insert into product_types values ('200000000007', 'Milk');
insert into product_types values ('200000000008', 'Doogh');
insert into product_types values ('200000000009', 'Doogh');
insert into product_types values ('200000000010', 'Cake');
insert into product_types values ('200000000011', 'Cake');
insert into product_types values ('200000000012', 'Pizza');
insert into product_types values ('200000000013', 'Cola');
insert into product_types values ('200000000014', 'Cola');
insert into product_types values ('200000000015', 'Beer');

insert into supplier values ('Amirfazel', 'Amirfazel@gmail.com', '2', 'Tehran', 'Tehran', 'Azadi');
insert into supplier values ('Abolfazl', 'Abolfazl@gmail.com', '20', 'Tehran', 'Tehran', 'Dameshgh');
insert into supplier values ('Sajjad', 'Sajjad@gmail.com', '1', 'Fars', 'Jahrom', 'Rahmanian');
insert into supplier values ('Sina', 'Sina@gmail.com', '5', 'Kurdestan', 'Sanandaj', 'Balaee');
insert into supplier values ('Omid', 'Omid@gmail.com', '6', 'Alborz', 'Karaj', 'Mahestan');
insert into supplier values ('Alireza', 'Alireza@gmail.com', '12', 'Mashhad', 'Mashhad', 'Haram');

-- Generate data for the sp table
insert into sp (id, supplier_username, product_barcode, quantity, price)
values
    (1, 'Amirfazel', '200000000001', 50, 25.99),
    (2, 'Abolfazl', '200000000003', 100, 15.50),
    (3, 'Sajjad', '200000000006', 200, 10.00),
    (4, 'Sina', '200000000011', 150, 20.99),
    (5, 'Omid', '200000000014', 80, 12.49),
    (6, 'Alireza', '200000000012', 120, 18.75),
    (7, 'Amirfazel', '200000000009', 70, 9.99),
    (8, 'Abolfazl', '200000000015', 90, 22.50),
    (9, 'Sajjad', '200000000002', 160, 15.99),
    (10, 'Sina', '200000000008', 50, 8.50),
    (11, 'Omid', '200000000007', 120, 10.99),
    (12, 'Alireza', '200000000005', 90, 14.99),
    (13, 'Amirfazel', '200000000010', 60, 18.99),
    (14, 'Abolfazl', '200000000013', 100, 13.50),
    (15, 'Sajjad', '200000000004', 200, 9.99),
    (16, 'Sina', '200000000003', 150, 14.99),
    (17, 'Omid', '200000000001', 80, 20.50),
    (18, 'Alireza', '200000000015', 100, 19.99),
    (19, 'Amirfazel', '200000000008', 70, 10.99),
    (20, 'Abolfazl', '200000000010', 90, 16.50),
    (21, 'Sajjad', '200000000014', 160, 12.99),
    (22, 'Sina', '200000000007', 50, 9.50),
    (23, 'Omid', '200000000006', 120, 14.99),
    (24, 'Alireza', '200000000002', 90, 11.99),
    (25, 'Amirfazel', '200000000007', 50, 12.99),
    (26, 'Abolfazl', '200000000014', 70, 16.50),
    (27, 'Sajjad', '200000000009', 40, 10.99),
    (28, 'Sina', '200000000014', 80, 8.99),
    (29, 'Omid', '200000000015', 30, 9.50),
    (30, 'Alireza', '200000000010', 60, 15.99),
    (31, 'Amirfazel', '200000000015', 40, 9.99),
    (32, 'Abolfazl', '200000000012', 80, 18.50),
    (33, 'Sajjad', '200000000008', 60, 8.99),
    (34, 'Sina', '200000000010', 50, 12.99),
    (35, 'Omid', '200000000002', 90, 12.50),
    (36, 'Alireza', '200000000013', 70, 19.99),
    (37, 'Amirfazel', '200000000014', 100, 9.99),
    (38, 'Abolfazl', '200000000009', 90, 10.50),
    (39, 'Sajjad', '200000000013', 120, 16.99),
    (40, 'Sina', '200000000015', 80, 9.99),
    (41, 'Omid', '200000000003', 50, 7.50),
    (42, 'Alireza', '200000000001', 60, 15.99),
    (43, 'Amirfazel', '200000000011', 40, 11.99),
    (44, 'Abolfazl', '200000000002', 80, 18.50),
    (45, 'Sajjad', '200000000015', 100, 9.99),
    (46, 'Sina', '200000000013', 70, 7.99),
    (47, 'Omid', '200000000010', 90, 14.50),
    (48, 'Alireza', '200000000006', 80, 19.99),
    (49, 'Amirfazel', '200000000013', 70, 10.99),
    (50, 'Abolfazl', '200000000006', 90, 16.50),
    (51, 'Sajjad', '200000000007', 160, 12.99),
    (52, 'Sina', '200000000006', 110, 8.99),
    (53, 'Omid', '200000000012', 70, 9.50),
    (54, 'Alireza', '200000000004', 90, 15.99),
    (55, 'Amirfazel', '200000000003', 60, 9.99),
    (56, 'Abolfazl', '200000000001', 90, 16.50),
    (57, 'Sajjad', '200000000012', 160, 12.99),
    (58, 'Sina', '200000000001', 50, 9.50),
    (59, 'Omid', '200000000011', 120, 14.99),
    (60, 'Alireza', '200000000009', 90, 11.99),
    (61, 'Amirfazel', '200000000002', 60, 17.99),
    (62, 'Abolfazl', '200000000004', 100, 13.50),
    (63, 'Sajjad', '200000000005', 200, 9.99),
    (64, 'Sina', '200000000009', 150, 14.99),
    (65, 'Omid', '200000000005', 80, 20.50),
    (66, 'Alireza', '200000000014', 100, 19.99),
    (67, 'Amirfazel', '200000000006', 70, 10.99),
    (68, 'Abolfazl', '200000000005', 90, 16.50),
    (69, 'Sajjad', '200000000010', 160, 12.99),
    (70, 'Sina', '200000000002', 50, 9.50),
    (71, 'Omid', '200000000004', 120, 14.99),
    (72, 'Alireza', '200000000003', 90, 11.99),
    (73, 'Amirfazel', '200000000004', 60, 17.99),
    (74, 'Abolfazl', '200000000007', 100, 13.50),
    (75, 'Sajjad', '200000000011', 200, 9.99),
    (76, 'Sina', '200000000005', 150, 14.99),
    (77, 'Omid', '200000000013', 80, 20.50),
    (78, 'Alireza', '200000000011', 100, 19.99);


# select supplier_username, count(*)
# from sp
# group by sp.supplier_username;
#
# select *
# from sp
# order by supplier_username, product_barcode;

-- Generate data for the orders table
insert into orders (id, customer_id, date)
values
    (1, '0000000001', '2023-06-27 09:00:00'),
    (2, '0000000002', '2023-06-26 10:30:00'),
    (3, '0000000003', '2023-06-25 15:45:00'),
    (4, '0000000004', '2023-06-24 11:20:00'),
    (5, '0000000005', '2023-06-23 14:10:00'),
    (6, '0000000006', '2023-06-22 17:30:00'),
    (7, '0000000001', '2023-06-21 08:45:00'),
    (8, '0000000002', '2023-06-20 12:15:00'),
    (9, '0000000003', '2023-06-19 16:20:00'),
    (10, '0000000004', '2023-06-18 13:50:00'),
    (11, '0000000005', '2023-06-17 09:30:00'),
    (12, '0000000006', '2023-06-16 14:05:00'),
    (13, '0000000001', '2023-06-15 10:40:00'),
    (14, '0000000002', '2023-06-14 15:20:00'),
    (15, '0000000003', '2023-06-13 11:55:00'),
    (16, '0000000004', '2023-06-12 16:35:00'),
    (17, '0000000005', '2023-06-11 13:10:00'),
    (18, '0000000006', '2023-06-10 09:45:00'),
    (19, '0000000001', '2023-06-09 14:25:00'),
    (20, '0000000002', '2023-06-08 11:00:00'),
    (21, '0000000003', '2023-06-07 15:40:00'),
    (22, '0000000004', '2023-06-06 12:15:00'),
    (23, '0000000005', '2023-06-05 16:55:00'),
    (24, '0000000006', '2023-06-04 13:30:00'),
    (25, '0000000001', '2023-06-03 10:05:00'),
    (26, '0000000002', '2023-06-02 14:45:00'),
    (27, '0000000003', '2023-06-01 11:20:00'),
    (28, '0000000004', '2023-05-31 15:00:00'),
    (29, '0000000005', '2023-05-30 11:35:00'),
    (30, '0000000006', '2023-05-29 16:15:00'),
    (31, '0000000001', '2023-05-28 12:50:00'),
    (32, '0000000002', '2023-05-27 09:25:00'),
    (33, '0000000003', '2023-05-26 14:05:00'),
    (34, '0000000004', '2023-05-25 10:40:00'),
    (35, '0000000005', '2023-05-24 15:20:00'),
    (36, '0000000006', '2023-05-23 11:55:00'),
    (37, '0000000001', '2023-05-22 16:35:00'),
    (38, '0000000002', '2023-05-21 13:10:00'),
    (39, '0000000003', '2023-05-20 09:45:00'),
    (40, '0000000004', '2023-05-19 14:25:00'),
    (41, '0000000005', '2023-05-18 11:00:00'),
    (42, '0000000006', '2023-05-17 15:40:00'),
    (43, '0000000001', '2023-05-16 12:15:00'),
    (44, '0000000002', '2023-05-15 16:55:00'),
    (45, '0000000003', '2023-05-14 13:30:00'),
    (46, '0000000004', '2023-05-13 10:05:00'),
    (47, '0000000005', '2023-05-12 14:45:00'),
    (48, '0000000006', '2023-05-11 11:20:00'),
    (49, '0000000001', '2023-05-10 15:00:00'),
    (50, '0000000002', '2023-05-09 11:35:00'),
    (51, '0000000003', '2023-05-08 16:15:00'),
    (52, '0000000004', '2023-05-07 12:50:00'),
    (53, '0000000005', '2023-05-06 09:25:00'),
    (54, '0000000006', '2023-05-05 14:05:00'),
    (55, '0000000001', '2023-05-04 10:40:00'),
    (56, '0000000002', '2023-05-03 15:20:00'),
    (57, '0000000003', '2023-05-02 11:55:00'),
    (58, '0000000004', '2023-05-01 16:35:00'),
    (59, '0000000005', '2023-04-30 13:10:00'),
    (60, '0000000006', '2023-04-29 09:45:00'),
    (61, '0000000001', '2023-04-28 14:25:00'),
    (62, '0000000002', '2023-04-27 11:00:00'),
    (63, '0000000003', '2023-04-26 15:40:00'),
    (64, '0000000004', '2023-04-25 12:15:00'),
    (65, '0000000005', '2023-04-24 16:55:00'),
    (66, '0000000006', '2023-04-23 13:30:00'),
    (67, '0000000001', '2023-04-22 10:05:00'),
    (68, '0000000002', '2023-04-21 14:45:00'),
    (69, '0000000003', '2023-04-20 11:20:00'),
    (70, '0000000004', '2023-04-19 15:00:00'),
    (71, '0000000005', '2023-04-18 11:35:00'),
    (72, '0000000006', '2023-04-17 16:15:00'),
    (73, '0000000001', '2023-04-16 12:50:00'),
    (74, '0000000002', '2023-04-15 09:25:00'),
    (75, '0000000003', '2023-04-14 14:05:00'),
    (76, '0000000004', '2023-04-13 10:40:00'),
    (77, '0000000005', '2023-04-12 15:20:00'),
    (78, '0000000006', '2023-04-11 11:55:00'),
    (79, '0000000001', '2023-04-10 16:35:00'),
    (80, '0000000002', '2023-04-09 13:10:00'),
    (81, '0000000003', '2023-04-08 09:45:00'),
    (82, '0000000004', '2023-04-07 14:25:00'),
    (83, '0000000005', '2023-04-06 11:00:00'),
    (84, '0000000006', '2022-04-05 15:40:00'),
    (85, '0000000001', '2023-04-04 12:15:00');

-- Generate data for the basket table
insert into basket (order_id, sp_id, quantity)
values
    -- Order 1
    (1, 1, 5),
    (1, 2, 3),
    (1, 3, 2),
    (1, 4, 1),
    (1, 5, 4),
    (1, 20, 5),
    -- Order 2
    (2, 2, 4),
    (2, 4, 6),
    (2, 7, 3),
    (2, 9, 2),
    -- Order 3
    (3, 1, 2),
    (3, 3, 4),
    (3, 6, 5),
    (3, 11, 3),
    -- Order 4
    (4, 4, 3),
    (4, 5, 4),
    (4, 8, 2),
    (4, 13, 1),
    -- Order 5
    (5, 2, 5),
    (5, 6, 3),
    (5, 9, 4),
    (5, 14, 2),
    -- Order 6
    (6, 3, 2),
    (6, 7, 4),
    (6, 10, 3),
    (6, 17, 1),
    -- Order 7
    (7, 4, 3),
    (7, 8, 5),
    (7, 11, 2),
    (7, 19, 1),
    -- Order 8
    (8, 2, 4),
    (8, 9, 3),
    (8, 12, 6),
    (8, 20, 2),
    -- Order 9
    (9, 3, 2),
    (9, 10, 4),
    (9, 13, 5),
    (9, 23, 1),
    -- Order 10
    (10, 4, 3),
    (10, 11, 4),
    (10, 14, 2),
    (10, 26, 1),
    -- Order 11
    (11, 2, 5),
    (11, 12, 3),
    (11, 15, 4),
    (11, 28, 1),
    -- Order 12
    (12, 3, 2),
    (12, 13, 4),
    (12, 16, 3),
    (12, 30, 1),
    -- Order 13
    (13, 4, 3),
    (13, 14, 5),
    (13, 17, 2),
    (13, 35, 1),
    -- Order 14
    (14, 2, 4),
    (14, 15, 3),
    (14, 18, 6),
    (14, 39, 1),
    -- Order 15
    (15, 3, 2),
    (15, 16, 4),
    (15, 19, 5),
    (15, 42, 1),
    -- Order 16
    (16, 4, 3),
    (16, 17, 4),
    (16, 20, 2),
    (16, 45, 1),
    -- Order 17
    (17, 2, 5),
    (17, 18, 3),
    (17, 21, 4),
    (17, 49, 2),
    -- Order 18
    (18, 3, 2),
    (18, 19, 4),
    (18, 22, 3),
    (18, 54, 1),
    -- Order 19
    (19, 4, 3),
    (19, 20, 5),
    (19, 23, 2),
    (19, 60, 1),
    -- Order 20
    (20, 2, 4),
    (20, 21, 3),
    (20, 24, 6),
    (20, 66, 1),
    -- Order 21
    (21, 3, 2),
    (21, 22, 4),
    (21, 25, 5),
    (21, 73, 1),
    -- Order 22
    (22, 4, 3),
    (22, 23, 4),
    (22, 26, 2),
    (22, 78, 10),
    -- Order 23
    (23, 2, 5),
    (23, 24, 3),
    (23, 27, 4),
    (23, 77, 1),
    -- Order 24
    (24, 3, 2),
    (24, 25, 4),
    (24, 28, 3),
    (24, 76, 1),
    -- Order 25
    (25, 4, 3),
    (25, 26, 5),
    (25, 29, 2),
    (25, 75, 1),
    -- Order 26
    (26, 2, 4),
    (26, 27, 3),
    (26, 74, 1),
    -- Order 27
    (27, 3, 2),
    (27, 28, 4),
    (27, 1, 5),
    (27, 72, 1),
    -- Order 28
    (28, 4, 3),
    (28, 29, 4),
    (28, 2, 2),
    (28, 68, 1),
    -- Order 29
    (29, 2, 5),
    (29, 30, 3),
    (29, 3, 4),
    (29, 62, 1),
    -- Order 30
    (30, 3, 2),
    (30, 1, 4),
    (30, 4, 3),
    (30, 55, 1),
    -- Order 31
    (31, 1, 5),
    (31, 2, 3),
    (31, 3, 2),
    (31, 5, 4),
    (31, 6, 1),
    -- Order 32
    (32, 2, 4),
    (32, 4, 6),
    (32, 7, 3),
    (32, 9, 2),
    (32, 10, 1),
    -- Order 33
    (33, 1, 2),
    (33, 3, 4),
    (33, 6, 5),
    (33, 11, 3),
    (33, 12, 1),
    -- Order 34
    (34, 4, 3),
    (34, 5, 4),
    (34, 8, 2),
    (34, 13, 1),
    (34, 14, 1),
    -- Order 35
    (35, 2, 5),
    (35, 6, 3),
    (35, 9, 4),
    (35, 14, 2),
    (35, 15, 1),
    -- Order 36
    (36, 3, 2),
    (36, 7, 4),
    (36, 10, 3),
    (36, 17, 1),
    (36, 18, 1),
    -- Order 37
    (37, 4, 3),
    (37, 8, 5),
    (37, 11, 2),
    (37, 19, 1),
    (37, 20, 1),
    -- Order 38
    (38, 2, 4),
    (38, 9, 3),
    (38, 12, 6),
    (38, 20, 2),
    (38, 21, 1),
    -- Order 39
    (39, 3, 2),
    (39, 10, 4),
    (39, 13, 5),
    (39, 23, 1),
    (39, 24, 1),
    -- Order 40
    (40, 4, 3),
    (40, 11, 4),
    (40, 14, 2),
    (40, 26, 1),
    (40, 27, 1),
    -- Order 41
    (41, 2, 5),
    (41, 12, 3),
    (41, 15, 4),
    (41, 28, 1),
    (41, 29, 1),
    -- Order 42
    (42, 3, 2),
    (42, 13, 4),
    (42, 16, 3),
    (42, 30, 1),
    (42, 31, 1),
    -- Order 43
    (43, 4, 3),
    (43, 14, 5),
    (43, 17, 2),
    (43, 35, 1),
    (43, 36, 1),
    -- Order 44
    (44, 2, 4),
    (44, 15, 3),
    (44, 18, 6),
    (44, 39, 1),
    (44, 40, 1),
    -- Order 45
    (45, 3, 2),
    (45, 16, 4),
    (45, 19, 5),
    (45, 42, 1),
    (45, 43, 1),
    -- Order 46
    (46, 4, 3),
    (46, 17, 4),
    (46, 20, 2),
    (46, 45, 1),
    (46, 46, 1),
    -- Order 47
    (47, 2, 5),
    (47, 18, 3),
    (47, 21, 4),
    (47, 49, 2),
    (47, 50, 1),
    -- Order 48
    (48, 3, 2),
    (48, 19, 4),
    (48, 22, 3),
    (48, 54, 1),
    (48, 55, 1),
    (48, 69, 2),
    -- Order 49
    (49, 4, 3),
    (49, 20, 5),
    (49, 23, 2),
    (49, 60, 1),
    (49, 61, 1),
    -- Order 50
    (50, 2, 4),
    (50, 21, 3),
    (50, 24, 6),
    (50, 66, 1),
    (50, 67, 1),
    -- Order 51
    (51, 3, 2),
    (51, 22, 4),
    (51, 25, 5),
    (51, 73, 1),
    (51, 74, 1),
    -- Order 52
    (52, 4, 3),
    (52, 23, 4),
    (52, 26, 2),
    (52, 78, 2),
    (52, 1, 1),
    -- Order 53
    (53, 2, 5),
    (53, 24, 3),
    (53, 27, 4),
    (53, 77, 1),
    -- Order 54
    (54, 3, 2),
    (54, 25, 4),
    (54, 28, 3),
    (54, 76, 1),
    -- Order 55
    (55, 4, 3),
    (55, 26, 5),
    (55, 29, 2),
    (55, 75, 1),
    -- Order 56
    (56, 2, 4),
    (56, 27, 3),
    (56, 30, 6),
    (56, 74, 1),
    -- Order 57
    (57, 3, 2),
    (57, 28, 4),
    (57, 1, 5),
    (57, 72, 1),
    (57, 6, 1),
    -- Order 58
    (58, 4, 3),
    (58, 29, 4),
    (58, 2, 2),
    (58, 68, 1),
    (58, 7, 1),
    -- Order 59
    (59, 2, 5),
    (59, 30, 3),
    (59, 3, 4),
    (59, 62, 1),
    (59, 8, 1),
    -- Order 60
    (60, 3, 2),
    (60, 1, 4),
    (60, 4, 3),
    (60, 55, 1),
    (60, 9, 1),
    (60, 59, 4),
    -- Order 61
    (61, 1, 5),
    (61, 2, 3),
    (61, 3, 2),
    (61, 5, 4),
    (61, 6, 1),
    (61, 10, 1),
    (61, 59, 3),
    -- Order 62
    (62, 2, 4),
    (62, 4, 6),
    (62, 7, 3),
    (62, 9, 2),
    (62, 10, 1),
    (62, 11, 1),
    -- Order 63
    (63, 1, 2),
    (63, 3, 4),
    (63, 6, 5),
    (63, 11, 3),
    (63, 12, 1),
    (63, 13, 1),
    (63, 59, 7),
    -- Order 64
    (64, 4, 3),
    (64, 5, 4),
    (64, 8, 2),
    (64, 13, 1),
    (64, 14, 1),
    (64, 15, 1),
    -- Order 65
    (65, 2, 5),
    (65, 6, 3),
    (65, 9, 4),
    (65, 14, 2),
    (65, 15, 1),
    (65, 16, 1),
    -- Order 66
    (66, 3, 2),
    (66, 7, 4),
    (66, 10, 3),
    (66, 17, 1),
    (66, 18, 1),
    (66, 19, 1),
    -- Order 67
    (67, 4, 3),
    (67, 8, 5),
    (67, 11, 2),
    (67, 19, 1),
    (67, 20, 1),
    (67, 21, 1),
    -- Order 68
    (68, 2, 4),
    (68, 9, 3),
    (68, 12, 6),
    (68, 20, 2),
    (68, 21, 1),
    (68, 22, 1),
    -- Order 69
    (69, 3, 2),
    (69, 10, 4),
    (69, 13, 5),
    (69, 23, 1),
    (69, 24, 1),
    (69, 25, 1),
    (69, 69, 10),
    -- Order 70
    (70, 4, 3),
    (70, 11, 4),
    (70, 14, 2),
    (70, 26, 1),
    (70, 27, 1),
    (70, 28, 1),
    -- Order 71
    (71, 2, 5),
    (71, 12, 3),
    (71, 15, 4),
    (71, 28, 1),
    (71, 29, 1),
    (71, 30, 1),
    -- Order 72
    (72, 3, 2),
    (72, 13, 4),
    (72, 16, 3),
    (72, 30, 1),
    (72, 31, 1),
    (72, 32, 1),
    -- Order 73
    (73, 4, 3),
    (73, 14, 5),
    (73, 17, 2),
    (73, 35, 1),
    (73, 36, 1),
    (73, 37, 1),
    -- Order 74
    (74, 2, 4),
    (74, 15, 3),
    (74, 18, 6),
    (74, 39, 1),
    (74, 40, 1),
    (74, 41, 1),
    -- Order 75
    (75, 3, 2),
    (75, 16, 4),
    (75, 19, 5),
    (75, 42, 1),
    (75, 43, 1),
    (75, 44, 1),
    -- Order 76
    (76, 4, 3),
    (76, 17, 4),
    (76, 20, 2),
    (76, 45, 1),
    (76, 46, 1),
    (76, 47, 3),
    -- Order 77
    (77, 2, 5),
    (77, 18, 3),
    (77, 21, 4),
    (77, 49, 2),
    (77, 50, 1),
    (77, 51, 1),
    -- Order 78
    (78, 3, 2),
    (78, 19, 4),
    (78, 22, 3),
    (78, 54, 1),
    (78, 55, 1),
    (78, 56, 1),
    -- Order 79
    (79, 4, 3),
    (79, 20, 5),
    (79, 23, 2),
    (79, 60, 1),
    (79, 61, 1),
    (79, 62, 1),
    -- Order 80
    (80, 2, 4),
    (80, 21, 3),
    (80, 24, 6),
    (80, 66, 1),
    (80, 67, 1),
    (80, 68, 1),
    -- Order 81
    (81, 3, 2),
    (81, 22, 4),
    (81, 25, 5),
    (81, 73, 1),
    (81, 74, 1),
    (81, 75, 1),
    -- Order 82
    (82, 4, 3),
    (82, 23, 4),
    (82, 26, 2),
    (82, 78, 5),
    (82, 1, 1),
    (82, 2, 1),
    -- Order 83
    (83, 2, 5),
    (83, 24, 3),
    (83, 27, 4),
    (83, 77, 1),
    (83, 3, 1),
    -- Order 84
    (84, 25, 4),
    (84, 28, 3),
    (84, 76, 1),
    (84, 3, 1),
    (84, 4, 1),
    -- Order 85
    (85, 4, 3),
    (85, 26, 5),
    (85, 29, 2),
    (85, 75, 1),
    (85, 5, 1);